Type,Name,Request Count,Failure Count,Median Response Time,Average Response Time,Min Response Time,Max Response Time,Average Content Size,Requests/s,Failures/s,50%,66%,75%,80%,90%,95%,98%,99%,99.9%,99.99%,100%
POST,/cart,37,37,1,0.712901378613645,0.5567560001509264,1.5127249935176224,0.0,0.21533586622581272,0.21533586622581272,1,1,1,1,1,1,2,2,2,2,2
POST,/checkout,17,17,0.9002220031106845,0.6748912350945723,0.5478660023072734,0.9002220031106845,0.0,0.09893810069834638,0.09893810069834638,1,1,1,1,1,1,1,1,1,1,1
GET,/products,33,33,1,0.7068579385910804,0.5310039996402338,2.0929509919369593,0.0,0.19205631312031946,0.19205631312031946,1,1,1,1,1,1,2,2,2,2,2
,Aggregated,87,87,1,0.7031817698714741,0.5310039996402338,2.0929509919369593,0.0,0.5063302800444786,0.5063302800444786,1,1,1,1,1,1,2,2,2,2,2
