Users,AvgResponseTime(ms),P90(ms),P95(ms),Failures
50,0.6968230732884322,1,1,2649
100,0.6622296089467165,1,1,14769
500,0.6509236334261941,1,1,72086
